epoch,Disp_EPE,Disp_D1_all,Disp_gt1px,Disp_gt2px,Depth_AbsRel,Depth_RMSE,Depth_delta1,W_AbsRel,W_RMSE,W_delta1
1,0.9434438399225473,5.516305416561663,31.149387633800508,11.550633048936724,2085.9550372148306,1676412.0737688863,0.5407800145819783,3443.2552406553814,1088568.0623527912,0.5309183372607805
1,3.5742756748199462,40.45390187263489,76.45931475639344,56.07611997127533,2465.5933851206673,1975282.2933605504,0.5579453269578516,3962.782981893302,1249532.0714310864,0.5441769327755901
